Código Promo;Propietario;Provincia;Localidad;Calle;Número;Cp;Id_Inmueble;Referencia;Tipo;PrecioVentaPúblico;PrecioAlquiler;
"00329668";"SAREB";"Baleares";"Manacor";"CALA DOMINGOS";"167";"7689";"64682";"2001##00329668";"Piso";"126400";"0";
"00332562";"SAREB";"Barcelona";"Castellet";"Cunit";"34";"8729";"64967";"2001##00332562";"Piso";"160300";"0";
"00322343";"SAREB";"Barcelona";"Vilanova";"PLATON";"15";"8788";"51551";"2001##00322343";"Piso";"96300";"0";
"00318042";"SAREB";"Barcelona";"Barcelona";"CA N&amp;apos;OLIVA";"6";"8020";"55744";"2001##00318042";"Piso";"100000";"0";
"00316763";"SAREB";"Baleares";"Ciutadella";"LOS DELFINES";"2";"7769";"51616";"2001##00316763";"Local";"114000";"0";
"00300073";"SAREB";"Zaragoza";"Tauste";"Padre Damián";"4";"50660";"48105";"2001##00300073";"Piso";"94800";"0";
"00331196";"SAREB";"Barcelona";"Terrassa";"PAU MARSAL";"151";"8222";"109094";"2001##00331196";"Piso";"114800";"0";
"00318293";"SAREB";"Barcelona";"Barcelona";"MARE DE DEU DE LORDA";"55";"8033";"51908";"2001##00318293";"Piso";"98000";"0";
"00319546";"SAREB";"Barcelona";"Santa";"SANT FRANCESC";"24";"8923";"53452";"2001##00319546";"Piso";"111000";"0";
"00335572";"SAREB";"Baleares";"Campos";"RONDA DE CATALUNYA";"0031";"7630";"64705";"2001##00335572";"Piso";"166400";"0";
"00318487";"SAREB";"Barcelona";"Vic";"GENERALITAT";"44";"8500";"51979";"2001##00318487";"Piso";"88200";"0";
"00318230";"SAREB";"Madrid";"Madrid";"CASTRO DE ORO";"45";"28019";"53938";"2001##00318230";"Piso";"88400";"0";
"00327789";"SAREB";"Barcelona";"Vilanova";"DE LA POBLA";"153";"8788";"63602";"2001##00327789";"Piso";"99900";"0";
"00300106";"SAREB";"Zaragoza";"Zaragoza";"Ntra. Sra. Del Pilar";"12";"50003";"48077";"2001##00300106";"Oficina";"165500";"0";
"00318569";"SAREB";"Tarragona";"Calafell";"PISUERGA";"27";"43882";"50581";"2001##00318569";"Piso";"88400";"0";
"00327555";"SAREB";"Baleares";"Santa";"LLAÜT";"1";"7320";"63623";"2001##00327555";"Oficina";"100000";"0";
"00334276";"SAREB";"Alicante";"San";"NIDO EAGLE NEST";"25";"3189";"65603";"2001##00334276";"Piso";"81900";"0";
"00332549";"SAREB";"Baleares";"Sa";"GENERAL CABRINETTI";"27";"7420";"65606";"2001##00332549";"Piso";"127900";"0";
"00329659";"SAREB";"Lleida";"Tremp";"DEL GENERAL CASSOLA";"3";"25620";"78628";"2001##00329659";"Oficina";"30500";"0";
"00335703";"SAREB";"Murcia";"San";"Miguel Zapata";"0006";"30730";"65611";"2001##00335703";"Piso";"92600";"0";
"00335189";"SAREB";"Baleares";"Inca";"LA BALANGUERA";"103";"7300";"61712";"2001##00335189";"Piso";"183100";"0";
"00319795";"SAREB";"Barcelona";"Badalona";"DEMOCRACIA";"58";"8914";"81221";"2001##00319795";"Piso";"131300";"0";
"00320207";"SAREB";"Barcelona";"Malgrat";"CARACAS";"10";"8380";"56511";"2001##00320207";"Piso";"87500";"0";
"00318025";"SAREB";"Barcelona";"Badalona";"PAU PIFERRER";"57";"8914";"53792";"2001##00318025";"Piso";"87700";"0";
"00319662";"SAREB";"Barcelona";"L'Hospitalet";"RENCLUSA";"5";"8905";"51318";"2001##00319662";"Piso";"83800";"0";
"00327652";"SAREB";"Baleares";"Santa";"LLAÜT";"5";"7320";"62465";"2001##00327652";"Oficina";"119400";"0";
"00320195";"SAREB";"Lleida";"Lleida";"ALFRED PERENYA";"67";"25008";"50723";"2001##00320195";"Piso";"96000";"0";
"00320083";"SAREB";"Barcelona";"Terrassa";"GUADALHORCE";"6";"8223";"52677";"2001##00320083";"Piso";"85700";"0";
"00319800";"SAREB";"Barcelona";"Terrassa";"ANGEL SALLENT";"114";"8224";"50991";"2001##00319800";"Piso";"108600";"0";
"00320284";"SAREB";"Valencia";"Valencia";"MARIANO DE CAVIA";"25";"46019";"56141";"2001##00320284";"Piso";"84600";"0";
"00317494";"SAREB";"Barcelona";"Vic";"GIRONA";"2";"8500";"50837";"2001##00317494";"Piso";"88000";"0";
"00319933";"SAREB";"Barcelona";"Vic";"PIUS XII";"4";"8500";"93572";"2001##00319933";"Piso";"80000";"0";
"00322650";"SAREB";"La";"Lardero";"RIO GUADIANA";"12";"26140";"87810";"2001##00322650";"Piso";"96500";"0";
"00328324";"SAREB";"Barcelona";"Malgrat";"BARCELONA";"36";"8380";"91517";"2001##00328324";"Piso";"132200";"0";
"00336877";"SAREB";"Zaragoza";"Alagon";"POYANOS, 54 GARAJE 1";"?";"50630";"120013";"2001##00336877";"Garaje";"24500";"0";
"00330288";"SAREB";"Córdoba";"Palma";"ANDALUCÍA";"48";"14700";"63973";"2001##00330288";"Local";"226800";"0";
"00336899";"SAREB";"Zaragoza";"Alagon";"POYANOS, 54 GARAJE 8";"1";"50630";"120009";"2001##00336899";"Garaje";"26400";"0";
"00316933";"SAREB";"Zaragoza";"Zaragoza";"Crta. LOGROÑO A NAVARRA. P.I EUROPA";"KM";"50011";"53092";"2001##00316933";"Nave";"162200";"0";
"00322298";"SAREB";"Barcelona";"Santa";"DALMAU";"43";"8920";"55405";"2001##00322298";"Piso";"102100";"0";
"00316789";"SAREB";"Barcelona";"L'Hospitalet";"CLOTET";"11";"8902";"94344";"2001##00316789";"Local";"109500";"0";
"00330394";"SAREB";"Barcelona";"Granollers";"Girona";"335";"8402";"61254";"2001##00330394";"Piso";"173100";"0";
"00316797";"SAREB";"Madrid";"Leganes";"SANTO DOMINGO";"27";"28917";"52871";"2001##00316797";"Local";"144300";"0";
"00330860";"SAREB";"Barcelona";"Sant";"NOU";"26";"8359";"63649";"2001##00330860";"Piso";"240900";"0";
"00333622";"SAREB";"Jaén";"Linares";"PINTOR ROSALES";"3";"23700";"64674";"2001##00333622";"Local";"159500";"0";
"00317786";"SAREB";"Tarragona";"Segur";"BARCELONA";"25";"43820";"56699";"2001##00317786";"Piso";"100900";"0";
"00331065";"SAREB";"Sevilla";"Burguillos";"Algodonales";"S/N";"41220";"61760";"2001##00331065";"Local";"125100";"0";
"00318498";"SAREB";"Barcelona";"Vic";"MARTI GENIS AGUILAR";"26";"8500";"55163";"2001##00318498";"Piso";"76100";"0";
"00329049";"SAREB";"Baleares";"Villafranca";"DE BONANY";"90";"7250";"65530";"2001##00329049";"Piso";"221100";"0";
"00335056";"SAREB";"Murcia";"Alhama";"VIRGEN DE LOS DOLORES";"53";"30840";"62904";"2001##00335056";"Piso";"84800";"0";
"00321457";"SAREB";"Castellón";"Benicarlo";"HERNAN CORTES";"42";"12580";"56941";"2001##00321457";"Piso";"71100";"0";
"00335091";"SAREB";"Barcelona";"Sabadell";"Gaudí";"0033";"8203";"64412";"2001##00335091";"Local";"85400";"0";
"00300872";"SAREB";"Zaragoza";"Zaragoza";"JOAQUIN GUIRAL";"2-4";"50013";"71388";"2001##00300872";"Local";"363200";"0";
"00329085";"SAREB";"Valencia";"Burjassot";"Ausiàs March";"26";"46100";"64411";"2001##00329085";"Piso";"141700";"0";
"00300068";"SAREB";"Zaragoza";"Zaragoza";"José García Sánchez";"9";"50005";"48088";"2001##00300068";"Local";"118400";"0";
"00317327";"SAREB";"Barcelona";"Vic";"GENERALITAT";"42";"8500";"51841";"2001##00317327";"Piso";"98200";"0";
"00334857";"SAREB";"Murcia";"Alhama";"de Europa";"8";"30840";"65509";"2001##00334857";"Nave";"165300";"0";
"00320300";"SAREB";"Barcelona";"Santa";"LLUIS COMPANYS";"61";"8130";"51708";"2001##00320300";"Piso";"102500";"0";
"00330746";"SAREB";"Barcelona";"L'Ametlla";"MONTSENY";"7";"8480";"67294";"2001##00330746";"Casa";"841000";"0";
"00332777";"SAREB";"Baleares";"Can";"HORACIO";"13";"7610";"62883";"2001##00332777";"Local";"193400";"0";
"00330028";"SAREB";"Barcelona";"Calella";"Colon";"63";"8370";"67293";"2001##00330028";"Piso";"146900";"0";
"00318962";"SAREB";"Girona";"Sant";"JOAN BORDAS";"32";"17220";"55522";"2001##00318962";"Piso";"87600";"0";
"00321307";"SAREB";"Barcelona";"Terrassa";"COLOM";"350";"8223";"74913";"2001##00321307";"Piso";"87100";"0";
"00320274";"SAREB";"Lleida";"Vielha";"CARRETERA GAUSAC";"2";"25530";"51173";"2001##00320274";"Piso";"165300";"0";
"00334738";"SAREB";"Lleida";"Tarrega";"SANT PELEGRI";"8";"25300";"61269";"2001##00334738";"Piso";"89600";"0";
"00319440";"SAREB";"Barcelona";"Olesa";"PROGRES";"110";"8640";"51311";"2001##00319440";"Piso";"156200";"0";
"00318999";"SAREB";"Barcelona";"Canet";"CANIGO";"2";"8360";"53852";"2001##00318999";"Piso";"131100";"0";
"00329217";"SAREB";"Lleida";"Arbeca";"Abadía";"4";"25140";"64630";"2001##00329217";"Casa";"115700";"0";
"00320873";"SAREB";"Barcelona";"Sabadell";"SAU";"111";"8202";"53253";"2001##00320873";"Piso";"89900";"0";
"00320875";"SAREB";"Tarragona";"Torredembarra";"DE LA ERA";"31";"43830";"53774";"2001##00320875";"Piso";"119500";"0";
"00330144";"SAREB";"Valencia";"La";"Augusto Danvila esquina Maestro Serrano";"0148";"46185";"65486";"2001##00330144";"Local";"194600";"0";
"00328785";"SAREB";"Tarragona";"Roda";"Cervantes";"6";"43883";"62123";"2001##00328785";"Piso";"137200";"0";
"00333818";"SAREB";"Baleares";"Inca";"MALFERITS";"41";"7300";"65443";"2001##00333818";"Piso";"67800";"0";
"00319511";"SAREB";"Lleida";"Lleida";"NORD";"33";"25007";"52254";"2001##00319511";"Piso";"85000";"0";
"00316921";"SAREB";"Barcelona";"Rubi";"LUXEMBURGO";"12";"8191";"82243";"2001##00316921";"Nave";"125300";"0";
"00322377";"SAREB";"Barcelona";"Capellades";"JOAN MARAGALL";"5";"8786";"55691";"2001##00322377";"Piso";"101400";"0";
"00320029";"SAREB";"Barcelona";"Barcelona";"CANTERA";"2";"8042";"54671";"2001##00320029";"Piso";"108400";"0";
"00328441";"SAREB";"Murcia";"Cartagena";"Río Segura (PLAYA HONDA)";"0087";"30385";"65036";"2001##00328441";"Piso";"99400";"0";
"00327852";"SAREB";"Cádiz";"La";"Alcaidesa";"8";"11300";"62407";"2001##00327852";"Casa";"193700";"0";
"00317304";"SAREB";"Barcelona";"Ripollet";"SANT ENRIC";"24";"8290";"53770";"2001##00317304";"Piso";"123900";"0";
"00327727";"SAREB";"Baleares";"Palma";"ANTONI RIBES";"28";"7006";"62406";"2001##00327727";"Local";"151300";"0";
"00317731";"SAREB";"Barcelona";"Badalona";"SATURN";"46";"8914";"50713";"2001##00317731";"Piso";"115600";"0";
"00318491";"SAREB";"Zaragoza";"Utebo";"UTEBO PARK";"7";"50180";"56990";"2001##00318491";"Piso";"84300";"0";
"00330336";"SAREB";"Barcelona";"Les";"MANUEL MANYA";"1";"8228";"65023";"2001##00330336";"Piso";"128900";"0";
"00334406";"SAREB";"Alicante";"Castalla";"Av Valencia 2 - Esq. Av de Alcoy";"0028";"3420";"63143";"2001##00334406";"Nave";"129900";"0";
"00333580";"SAREB";"Girona";"Salt";"D ANGEL GUIMERA";"0146";"17190";"119196";"2001##00333580";"Piso";"81600";"0";
"00328768";"SAREB";"Barcelona";"Gelida";"virgen de la Estrella";"471";"8790";"61295";"2001##00328768";"Casa";"158600";"0";
"00321979";"SAREB";"Barcelona";"Terrassa";"FRANCO CONDADO";"246";"8224";"88294";"2001##00321979";"Piso";"135600";"0";
"00329472";"SAREB";"Alicante";"Muchamiel";"ALFONSO XII";"41";"3110";"61533";"2001##00329472";"Local";"178600";"0";
"00330365";"SAREB";"Valencia";"Benetusser";"Murta";"9";"46910";"64604";"2001##00330365";"Piso";"72300";"0";
"00316575";"SAREB";"Tarragona";"Aiguamurcia";"CRISTOFOL";"34";"43714";"52344";"2001##00316575";"Casa";"76200";"0";
"00318166";"SAREB";"Barcelona";"Terrassa";"VALLES";"469";"8222";"51853";"2001##00318166";"Piso";"94800";"0";
"00329401";"SAREB";"Valencia";"Gilet";"CIUTAT JARDIN";"2";"46149";"65432";"2001##00329401";"Piso";"138900";"0";
"00320932";"SAREB";"Barcelona";"Gelida";"VELL TEMPS";"6";"8790";"50366";"2001##00320932";"Piso";"94600";"0";
"00319456";"SAREB";"Madrid";"Campo";"LOPE DE VEGA";"31";"28510";"56090";"2001##00319456";"Piso";"123200";"0";
"00332229";"SAREB";"Albacete";"Chinchilla";"CARACAS, 20";"1";"2520";"63894";"2001##00332229";"Nave";"68000";"0";
"00321000";"SAREB";"Tarragona";"Roquetes";"CHURRUCA";"1";"43520";"52021";"2001##00321000";"Piso";"76600";"0";
"00328139";"SAREB";"Valencia";"Naquera";"Vinyes Perdudes";"11";"46119";"65415";"2001##00328139";"Piso";"81400";"0";
"00319486";"SAREB";"Barcelona";"Terrassa";"RAMON I CAJAL";"187";"8223";"55354";"2001##00319486";"Piso";"109900";"0";
"00320978";"SAREB";"Tarragona";"Amposta";"TOLEDO";"16";"43870";"53849";"2001##00320978";"Piso";"55700";"0";
"00319399";"SAREB";"Barcelona";"Igualada";"CARDENAL VIVES";"11";"8700";"52088";"2001##00319399";"Piso";"112500";"0";
"00320428";"SAREB";"Barcelona";"Corbera";"SANT ANTONI";"54";"8757";"50432";"2001##00320428";"Piso";"140000";"0";
"00320471";"SAREB";"Barcelona";"Odena";"MASIA";"36";"8711";"53463";"2001##00320471";"Piso";"99700";"0";
"00317711";"SAREB";"Barcelona";"Terrassa";"CIUDAD DE PAMIERS";"27";"8222";"53219";"2001##00317711";"Piso";"86000";"0";
"00333850";"SAREB";"Barcelona";"Terrassa";"SANT GENIS, DE";"28";"8221";"62186";"2001##00333850";"Local";"81600";"0";
"00317712";"SAREB";"Barcelona";"Vic";"CENTELLES";"3";"8500";"55215";"2001##00317712";"Piso";"62400";"0";
"00300144";"SAREB";"Madrid";"Robledo";"Diego de Velázquez";"4";"28294";"48176";"2001##00300144";"Casa";"103500";"0";
"00335825";"SAREB";"Baleares";"Santa";"LLAÜT";"37";"7320";"61450";"2001##00335825";"Oficina";"167500";"0";
"00329232";"SAREB";"Barcelona";"Terrassa";"Mura";"2";"8227";"103359";"2001##00329232";"Piso";"170300";"0";
"00319068";"SAREB";"Barcelona";"Terrassa";"GUADIANA";"23";"8223";"51649";"2001##00319068";"Piso";"79400";"0";
"00319263";"SAREB";"Barcelona";"Canovelles";"SANT EUDALD";"50";"8420";"56674";"2001##00319263";"Piso";"97200";"0";
"00335254";"SAREB";"Baleares";"Sa";"GENERAL CABRINETTI";"27";"7420";"62336";"2001##00335254";"Piso";"130200";"0";
"00321452";"SAREB";"Valencia";"Gandia";"REPUBLICA ARGENTINA";"97";"46700";"71682";"2001##00321452";"Piso";"56200";"0";
"00319968";"SAREB";"Madrid";"Fuenlabrada";"HONDA";"16";"28944";"55704";"2001##00319968";"Piso";"95600";"0";
"00320465";"SAREB";"Barcelona";"Santpedor";"PONS GRAU";"82";"8251";"51317";"2001##00320465";"Piso";"123400";"0";
"00328943";"SAREB";"Madrid";"Madrid";"Santa María de la Cabeza";"132";"28019";"63880";"2001##00328943";"Local";"136000";"0";
"00317367";"SAREB";"Barcelona";"Badalona";"JUAN VALERA";"82";"8914";"56530";"2001##00317367";"Piso";"94900";"0";
"00318934";"SAREB";"Madrid";"Parla";"GUADALAJARA";"3";"28980";"56700";"2001##00318934";"Piso";"92700";"0";
"00321519";"SAREB";"Barcelona";"Badalona";"MIQUEL PRAT";"17";"8914";"94304";"2001##00321519";"Piso";"85400";"0";
"00336137";"SAREB";"Baleares";"Villafranca";"MESTRAL";"3";"7250";"61170";"2001##00336137";"Chalet";"221800";"0";
"00330944";"SAREB";"Barcelona";"Cardedeu";"DE DOS RIUS";"190";"8440";"63861";"2001##00330944";"Duplex";"185000";"0";
"00328933";"SAREB";"Albacete";"Albacete";"CALLE CUATRO PARCELA 104 NAVE 02";"CUATRO";"2006";"62755";"2001##00328933";"Nave";"93500";"0";
"00318995";"SAREB";"Barcelona";"Monistrol";"COLONIA CAN GOMIS";"4";"8691";"55243";"2001##00318995";"Piso";"71900";"0";
"00322450";"SAREB";"Tarragona";"Deltebre";"FELIX GRACIA";"2";"43580";"74881";"2001##00322450";"Piso";"63500";"0";
"00308177";"SAREB";"Tarragona";"Reus";"ALT DEL CARME";"60";"43201";"60745";"2001##00308177";"Piso";"62900";"0";
"00316189";"SAREB";"Barcelona";"Piera";"MONTJUIC";"27";"8784";"86032";"2001##00316189";"Casa";"111900";"0";
"00322231";"SAREB";"Girona";"Llivia";"CATALUNYA";"52";"17527";"53652";"2001##00322231";"Piso";"164300";"0";
"00317075";"SAREB";"Murcia";"Alcantarilla";"MADRID";"84";"30820";"71651";"2001##00317075";"Garaje";"7600";"0";
"00330979";"SAREB";"Lleida";"Tarrega";"Urgell";"16";"25300";"61487";"2001##00330979";"Casa";"132700";"0";
"00319276";"SAREB";"Murcia";"Lorca";"HERNANDO DE BURGOS";"1";"30800";"53749";"2001##00319276";"Piso";"112700";"0";
"00327836";"SAREB";"Lleida";"Tremp";"MONTLLOBAR";"?";"25620";"78624";"2001##00327836";"Garaje";"4800";"0";
"00316243";"SAREB";"Barcelona";"Sant";"ESQUIROL";"35";"8182";"52398";"2001##00316243";"Casa";"159800";"0";
"00328125";"SAREB";"Baleares";"Binisalem";"Guillem Marti";"16";"7350";"62368";"2001##00328125";"Local";"123500";"0";
"00333399";"SAREB";"Baleares";"Ciutadella";"MERCADAL";"23";"7760";"64264";"2001##00333399";"Piso";"377400";"0";
"00300891";"SAREB";"Lleida";"Lleida";"CORREGIDOR ESCOFET";"64";"25005";"94883";"2001##00300891";"Local";"149200";"0";
"00330811";"SAREB";"Murcia";"Torre";"Mero";"24";"30700";"65079";"2001##00330811";"Piso";"97300";"0";
"00316249";"SAREB";"Tarragona";"Figuerola";"COSTA DEL FORN";"20";"43811";"53421";"2001##00316249";"Casa";"141400";"0";
"00320833";"SAREB";"Barcelona";"L'Hospitalet";"TERRA BAIXA";"158";"8901";"56827";"2001##00320833";"Piso";"126400";"0";
"00316318";"SAREB";"Valencia";"Alqueria";"JOAN CARLES I";"59";"46715";"54423";"2001##00316318";"Casa";"73400";"0";
"00331281";"SAREB";"Girona";"Salt";"Angel Guimera";"83";"17190";"83938";"2001##00331281";"Piso";"81200";"0";
"00320068";"SAREB";"Barcelona";"Badalona";"GENERAL MORAGUES";"10";"8914";"52279";"2001##00320068";"Piso";"127300";"0";
"00330355";"SAREB";"Granada";"Peligros";"ENCINAR";"33";"18210";"62799";"2001##00330355";"Casa";"223500";"0";
"00321044";"SAREB";"Barcelona";"Sabadell";"MULHACEN";"2";"8207";"51842";"2001##00321044";"Piso";"164500";"0";
"00333770";"SAREB";"Granada";"Gojar";"VISTA NEVADA";"15";"18150";"64365";"2001##00333770";"Piso";"241900";"0";
"00327323";"SAREB";"Barcelona";"Granollers";"Bartomeu Brufalt";"0043";"8402";"88274";"2001##00327323";"Piso";"180800";"0";
"00328277";"SAREB";"Baleares";"Villafranca";"Mestral";"6";"7250";"61400";"2001##00328277";"Chalet";"226400";"0";
"00321801";"SAREB";"Barcelona";"Cubelles";"RIU FRAMCOLI";"0";"8880";"51765";"2001##00321801";"Piso";"178300";"0";
"00300893";"SAREB";"Lleida";"Lleida";"CORREGIDOR ESCOFET";"62";"25005";"94884";"2001##00300893";"Local";"138700";"0";
"00317315";"SAREB";"Barcelona";"Vic";"GENERALITAT";"44";"8500";"85449";"2001##00317315";"Piso";"89300";"0";
"00317996";"SAREB";"Barcelona";"Santa";"NURIA";"25";"8923";"51891";"2001##00317996";"Piso";"80500";"0";
"00316259";"SAREB";"Guadalajara";"Trijueque";"COLLAILLO";"356";"19192";"55834";"2001##00316259";"Casa";"92300";"0";
"00317435";"SAREB";"Barcelona";"Sabadell";"ARRAHONA MERINALS";"118";"8205";"50364";"2001##00317435";"Piso";"66600";"0";
"00316260";"SAREB";"Toledo";"Cabañas";"ALONSO COBARRUBIAS";"25";"45592";"55787";"2001##00316260";"Chalet";"88200";"0";
"00320689";"SAREB";"Barcelona";"Terrassa";"FRANSESC LAYRET";"5";"8224";"52955";"2001##00320689";"Piso";"85000";"0";
"00319996";"SAREB";"Barcelona";"Santa";"CIRCUMVAL·LACIO";"113";"8923";"51264";"2001##00319996";"Piso";"88100";"0";
"00316230";"SAREB";"Barcelona";"Argentona";"GALLIFA BELLOT";"2";"8310";"51918";"2001##00316230";"Casa";"921900";"0";
"00333497";"SAREB";"Tarragona";"Llorenc";"ABAT ESCARRE";"22";"43712";"63804";"2001##00333497";"Piso";"152600";"0";
"00321352";"SAREB";"Barcelona";"Terrassa";"DOCTOR FERRAN";"32";"8226";"53783";"2001##00321352";"Piso";"95600";"0";
"00321261";"SAREB";"Barcelona";"Mataro";"PABLO PICASSO";"28";"8304";"116631";"2001##00321261";"Piso";"102800";"0";
"00319135";"SAREB";"Barcelona";"Terrassa";"GUADALHORCE";"2";"8223";"53637";"2001##00319135";"Piso";"93900";"0";
"00320034";"SAREB";"Castellón";"Castellón";"JACINTO BENAVENTE";"20";"12006";"54772";"2001##00320034";"Piso";"67500";"0";
"00333799";"SAREB";"Baleares";"Manacor";"CALA DOMINGOS ED 2";"0167";"7689";"62307";"2001##00333799";"Piso";"158800";"0";
"00320013";"SAREB";"Barcelona";"Terrassa";"HISPANITAT";"14";"8225";"51758";"2001##00320013";"Piso";"95400";"0";
"00319102";"SAREB";"Barcelona";"Badalona";"AGUEDA MOMPEL";"66";"8917";"53864";"2001##00319102";"Piso";"111400";"0";
"00320062";"SAREB";"Tarragona";"El";"INDUSTRIA";"30";"43700";"52356";"2001##00320062";"Piso";"130600";"0";
"00316307";"SAREB";"Barcelona";"Vilanova";"MONISTROL";"8";"8788";"54136";"2001##00316307";"Casa";"212400";"0";
"00317454";"SAREB";"Murcia";"Murcia";"GENERAL MARTIN DE LA CARRERA";"1";"30011";"56496";"2001##00317454";"Piso";"81500";"0";
"00318901";"SAREB";"Barcelona";"L'Hospitalet";"NORD";"4";"8905";"117837";"2001##00318901";"Piso";"127600";"0";
"00316376";"SAREB";"Toledo";"Burujon";"DONANTES DE SANGRE";"2";"45521";"54153";"2001##00316376";"Casa";"71500";"0";
"00317390";"SAREB";"Murcia";"San";"DOCTOR PARDO LOPEZ";"1";"30730";"50823";"2001##00317390";"Piso";"71400";"0";
"00331884";"SAREB";"Barcelona";"Badalona";"FEDERICO GARCÍA LORCA";"12";"8914";"62302";"2001##00331884";"Local";"122700";"0";
"00321167";"SAREB";"Tarragona";"Mora";"TARRAGONA";"21";"43740";"56078";"2001##00321167";"Piso";"79200";"0";
"00300376";"SAREB";"Burgos";"Cardeñajimeno";"LA ACACIA";"19";"9193";"48225";"2001##00300376";"Piso";"197900";"0";
"00321390";"SAREB";"Valencia";"Valencia";"ESCULTOR PIQUER";"32";"46019";"52087";"2001##00321390";"Piso";"62900";"0";
"00333995";"SAREB";"Girona";"Figueres";"Ponent";"36";"17600";"63666";"2001##00333995";"Piso";"63200";"0";
"00321336";"SAREB";"Castellón";"Castellón";"JORGE JUAN";"115";"12006";"53348";"2001##00321336";"Piso";"75100";"0";
"00322138";"SAREB";"Barcelona";"Santa";"BEETHOVEN";"24";"8923";"97835";"2001##00322138";"Piso";"84200";"0";
"00317346";"SAREB";"Barcelona";"Vilanova";"CHURRUCA";"44";"8788";"56608";"2001##00317346";"Piso";"95900";"0";
"00301510";"SAREB";"Huesca";"Grañen";"BALTASAR GRACIÁN";"7";"22260";"48163";"2001##00301510";"Piso";"126300";"0";
"00335219";"SAREB";"Baleares";"Santa";"LLIBERTAT";"21";"7450";"62925";"2001##00335219";"Casa";"112300";"0";
"00321269";"SAREB";"Girona";"Olot";"ALBA ROSA";"1";"17800";"55011";"2001##00321269";"Piso";"84000";"0";
"00327831";"SAREB";"Baleares";"Felanitx";"PARCELA TORRENUEVA, Sector 14-C-3";"00H2";"7420";"61960";"2001##00327831";"Garaje";"12700";"0";
"00316430";"SAREB";"Barcelona";"El";"NUMERO 1";"106";"8254";"56352";"2001##00316430";"Casa";"147500";"0";
"00329855";"SAREB";"Murcia";"Aguilas";"Horacio Fernández Inguanzo";"6";"30880";"61958";"2001##00329855";"Local";"71100";"0";
"00319816";"SAREB";"Barcelona";"Badalona";"LEPANTO";"23";"8914";"56782";"2001##00319816";"Piso";"126900";"0";
"00329702";"SAREB";"Castellón";"Castellón";"SERRADAL";"0004";"12100";"65262";"2001##00329702";"Piso";"73200";"0";
"00321299";"SAREB";"Barcelona";"Premia";"JOAN PRIM";"75";"8330";"56022";"2001##00321299";"Piso";"126300";"0";
"00318204";"SAREB";"Barcelona";"Sabadell";"ANIBAL";"9";"8208";"56979";"2001##00318204";"Piso";"69600";"0";
"00321265";"SAREB";"Tarragona";"Tarragona";"SANT TOMAS";"0";"43007";"55152";"2001##00321265";"Piso";"61600";"0";
"00321156";"SAREB";"Madrid";"Miraflores";"ALTO DEL RUBIO";"11";"28792";"54234";"2001##00321156";"Piso";"94100";"0";
"00320005";"SAREB";"Barcelona";"Malgrat";"FELIX CARDONA";"3";"8380";"53341";"2001##00320005";"Piso";"89300";"0";
"00329800";"SAREB";"Granada";"Alfacar";"Las Maholicas";"8";"18170";"61903";"2001##00329800";"Casa";"147700";"0";
"00320469";"SAREB";"Tarragona";"Amposta";"CATALUNYA";"103";"43870";"54265";"2001##00320469";"Piso";"90900";"0";
"00316387";"SAREB";"Tarragona";"Vilaseca/Vila";"RIUDOMS";"12";"43480";"56487";"2001##00316387";"Casa";"139400";"0";
"00322557";"SAREB";"Murcia";"Alcantarilla";"MADRID";"84";"30820";"53628";"2001##00322557";"Piso";"51200";"0";
"00321295";"SAREB";"Barcelona";"Sabadell";"RAMON JOVE";"7";"8208";"52552";"2001##00321295";"Piso";"59500";"0";
"00322492";"SAREB";"Barcelona";"Vilanova";"MOSSEN CINTO VERDAGUER";"21";"8788";"51456";"2001##00322492";"Piso";"85100";"0";
"00322046";"SAREB";"Castellón";"Onda";"CATALUNYA";"64";"12200";"51511";"2001##00322046";"Ático";"89300";"0";
"00334371";"SAREB";"Granada";"Huescar";"NUESTRA SEÑORA DE LA CONSOLACION";"4";"18830";"61360";"2001##00334371";"Piso";"121300";"0";
"00318553";"SAREB";"Barcelona";"Terrassa";"RENAIXEMENT";"75";"8226";"55717";"2001##00318553";"Piso";"102100";"0";
"00327583";"SAREB";"Baleares";"Palma";"JORGE SEPULVEDA";"3";"7010";"61356";"2001##00327583";"Piso";"209000";"0";
"00333117";"SAREB";"Valencia";"Leliana";"Mayor";"3";"46183";"70722";"2001##00333117";"Piso";"96600";"0";
"00322099";"SAREB";"Barcelona";"Santa";"LLUIS COMPANYS";"63";"8130";"54885";"2001##00322099";"Piso";"96500";"0";
"00320913";"SAREB";"Barcelona";"Rubi";"PENEDES";"18";"8191";"54681";"2001##00320913";"Piso";"95500";"0";
"00322697";"SAREB";"Lleida";"Agramunt";"RAVAL PUIGVERD";"3";"25310";"94603";"2001##00322697";"Piso";"46200";"0";
"00319235";"SAREB";"Barcelona";"Vic";"RAIMON D&amp;apos;ABADAL";"32";"8500";"51047";"2001##00319235";"Piso";"77900";"0";
"00322696";"SAREB";"Lleida";"Agramunt";"RAVAL PUIGVERD";"3";"25310";"94602";"2001##00322696";"Piso";"48300";"0";
"00322555";"SAREB";"Barcelona";"Canyelles";"MUNTANYA DEL MAR";"35";"8811";"53635";"2001##00322555";"Piso";"68900";"0";
"00322695";"SAREB";"Lleida";"Agramunt";"RAVAL PUIGVERD";"3";"25310";"94596";"2001##00322695";"Piso";"45200";"0";
"00331136";"SAREB";"Baleares";"Villafranca";"MESTRAL";"2";"7250";"62608";"2001##00331136";"Piso";"222000";"0";
"00333576";"SAREB";"Barcelona";"Sabadell";"Vía Júlia";"3-5";"8206";"64049";"2001##00333576";"Local";"197800";"0";
"00318283";"SAREB";"Tarragona";"Reus";"COMERÇ";"3";"43206";"54939";"2001##00318283";"Piso";"95500";"0";
"00322061";"SAREB";"Madrid";"Madrid";"CIUDAD DE BARCELONA";"51";"28007";"103787";"2001##00322061";"Piso";"161500";"0";
"00334135";"SAREB";"Lleida";"Tremp";"DEL GENERAL CASSOLA";"3";"25620";"78640";"2001##00334135";"Piso";"73700";"0";
"00334446";"SAREB";"Barcelona";"Terrassa";"FRANCESC LAYRET";"9";"8224";"70361";"2001##00334446";"Piso";"113900";"0";
"00329750";"SAREB";"Barcelona";"Martorell";"GERMANS MARTI";"8";"8760";"61155";"2001##00329750";"Piso";"157900";"0";
"00335313";"SAREB";"Castellón";"Castellón";"ALMASSORA";"16";"12005";"63373";"2001##00335313";"Piso";"68900";"0";
"00329338";"SAREB";"Tarragona";"La";"GENERALITAT";"24";"43717";"70686";"2001##00329338";"Piso";"135000";"0";
"00327937";"SAREB";"Tarragona";"La";"GENERALITAT";"24";"43717";"70709";"2001##00327937";"Piso";"99600";"0";
"00320128";"SAREB";"Barcelona";"Badalona";"AMADEU VIVES";"26";"8914";"50933";"2001##00320128";"Piso";"115500";"0";
"00320014";"SAREB";"Zaragoza";"Zaragoza";"DAROCA";"56";"50017";"53819";"2001##00320014";"Piso";"70900";"0";
"00318281";"SAREB";"Barcelona";"Badalona";"MOZART";"61";"8917";"53793";"2001##00318281";"Piso";"108000";"0";
"00320563";"SAREB";"Barcelona";"Terrassa";"GUADALHORCE";"6";"8223";"50943";"2001##00320563";"Piso";"85700";"0";
"00321632";"SAREB";"Tarragona";"Reus";"PERE EL CERIMONIOS";"77";"43205";"52849";"2001##00321632";"Piso";"73900";"0";
"00329324";"SAREB";"Madrid";"Mejorada";"PINTOR FRANCISCO DE GOYA";"38";"28840";"61346";"2001##00329324";"Piso";"117200";"0";
"00316861";"SAREB";"Barcelona";"Badalona";"ANSELM TURMEDA";"5";"8912";"87971";"2001##00316861";"Local";"146000";"0";
"00320554";"SAREB";"Tarragona";"Montroig/Mont";"CADIZ";"67";"43300";"53445";"2001##00320554";"Apartamento";"98600";"0";
"00318789";"SAREB";"Lleida";"Lleida";"VALLCALENT";"27";"25006";"56657";"2001##00318789";"Piso";"141200";"0";
"00319361";"SAREB";"Barcelona";"Igualada";"CAPELLADES";"19";"8700";"53794";"2001##00319361";"Piso";"101400";"0";
"00327611";"SAREB";"Girona";"Salt";"Torres i Bages";"10";"17190";"70451";"2001##00327611";"Piso";"75800";"0";
"00319848";"SAREB";"Girona";"Girona";"SANTIAGO SOBREQUES";"8";"17005";"55303";"2001##00319848";"Piso";"123200";"0";
"00334450";"SAREB";"Lleida";"Alcarras";"Comerç";"3-5";"25180";"61151";"2001##00334450";"Local";"99000";"0";
"00316354";"SAREB";"Valencia";"La";"VALENCIANOS";"7";"46185";"59753";"2001##00316354";"Casa";"137100";"0";
"00319949";"SAREB";"Madrid";"Torrejon";"MERCURIO";"2";"28850";"52002";"2001##00319949";"Piso";"103900";"0";
"00319058";"SAREB";"Zaragoza";"Zaragoza";"MADRID";"176";"50017";"54364";"2001##00319058";"Piso";"88900";"0";
"00318529";"SAREB";"Barcelona";"Barcelona";"MIREIA";"52";"8033";"54443";"2001##00318529";"Piso";"112900";"0";
"00318132";"SAREB";"Barcelona";"Vic";"SAN JUAN BOSCO";"1";"8500";"51020";"2001##00318132";"Piso";"67200";"0";
"00300879";"SAREB";"Zaragoza";"Zaragoza";"MIGUEL SERVET";"156";"50013";"88686";"2001##00300879";"Local";"155700";"0";
"00317763";"SAREB";"Barcelona";"Vallirana";"MAJOR";"327";"8759";"53806";"2001##00317763";"Piso";"118400";"0";
"00300387";"SAREB";"La";"Navarrete";"MAYOR BAJA";"16";"26370";"47859";"2001##00300387";"Piso";"87500";"0";
"00333123";"SAREB";"Murcia";"Murcia";"Mayor esq Cl Casino";"80";"30158";"61536";"2001##00333123";"Piso";"103000";"0";
"00300138";"SAREB";"Zaragoza";"Plasencia";"Bolea (antes General Franco)+";"23";"50296";"59835";"2001##00300138";"Casa";"38300";"0";
"00331876";"SAREB";"Murcia";"Murcia";"San Marcos";"3";"30002";"63423";"2001##00331876";"Piso";"115300";"0";
"00319245";"SAREB";"Navarra";"Elorz";"ERREGE KALEA";"43";"31110";"54970";"2001##00319245";"Piso";"107300";"0";
"00317445";"SAREB";"Madrid";"Campo";"FUENTE";"18";"28510";"50828";"2001##00317445";"Piso";"114800";"0";
"00318359";"SAREB";"Barcelona";"Sant";"TARRAGONA";"14";"8250";"56658";"2001##00318359";"Piso";"87000";"0";
"00316466";"SAREB";"Barcelona";"Talamanca";"MONTCAU";"22";"8278";"56214";"2001##00316466";"Casa";"189100";"0";
"00328679";"SAREB";"Barcelona";"Pineda";"MEDITERRANEO";"55";"8397";"65633";"2001##00328679";"Piso";"84500";"0";
"00307300";"SAREB";"Lleida";"Bellcaire";"ONZE DE SETEMBRE";"45";"25337";"52464";"2001##00307300";"Casa";"109100";"0";
"00319018";"SAREB";"Barcelona";"Mataro";"SANTIAGO RUSIÑOL";"20";"8304";"52789";"2001##00319018";"Piso";"101600";"0";
"00316840";"SAREB";"Barcelona";"Barcelona";"RADAS";"57";"8004";"91529";"2001##00316840";"Local";"148100";"0";
"00318687";"SAREB";"Barcelona";"Badalona";"PEDRO ANTONIO DE ALARCON";"12";"8917";"52110";"2001##00318687";"Piso";"116400";"0";
"00333782";"SAREB";"Valencia";"Valencia";"NAVARRO REVERTE";"6";"46004";"62690";"2001##00333782";"Oficina";"538500";"0";
"00316943";"SAREB";"Barcelona";"Badalona";"ALEMANYA";"60";"8917";"98556";"2001##00316943";"Nave";"409300";"0";
"00320112";"SAREB";"Barcelona";"Badalona";"FELIP II";"7";"8917";"51684";"2001##00320112";"Piso";"99800";"0";
"00316258";"SAREB";"Castellón";"Oropesa";"BENICASIM - URB. EL BALCO";"52";"12594";"55533";"2001##00316258";"Casa";"482100";"0";
"00319254";"SAREB";"Barcelona";"Vic";"MANUEL SERRA I MORET";"5";"8500";"54071";"2001##00319254";"Piso";"98800";"0";
"00319317";"SAREB";"Castellón";"Onda";"CATALUNYA";"21";"12200";"53661";"2001##00319317";"Piso";"83700";"0";
"00321332";"SAREB";"Tarragona";"Sant";"SANT JOSEP";"110";"43540";"50693";"2001##00321332";"Piso";"76400";"0";
"00319293";"SAREB";"Barcelona";"Santa";"SANT PASQUAL";"15";"8923";"51767";"2001##00319293";"Piso";"85300";"0";
"00331906";"SAREB";"Cádiz";"Sanlucar";"Fariñas";"16";"11540";"62673";"2001##00331906";"Piso";"125900";"0";
"00320804";"SAREB";"Barcelona";"Sant";"TERRASSA";"1";"8192";"55328";"2001##00320804";"Piso";"103800";"0";
"00319730";"SAREB";"Barcelona";"Badalona";"JULIAN GAYARRE";"8";"8914";"53117";"2001##00319730";"Piso";"119500";"0";
"00317835";"SAREB";"Girona";"Salt";"RAMON SAMBOLA";"9";"17190";"51395";"2001##00317835";"Piso";"80500";"0";
"00322441";"SAREB";"Lleida";"Lleida";"VENUS";"21";"25003";"117511";"2001##00322441";"Piso";"95200";"0";
"00317829";"SAREB";"Barcelona";"Terrassa";"SANT DAMIA";"53";"8222";"54156";"2001##00317829";"Piso";"90900";"0";
"00316566";"SAREB";"Barcelona";"Esparreguera";"PIEROLA";"11";"8292";"112938";"2001##00316566";"Casa";"131300";"0";
"00328065";"SAREB";"Murcia";"Murcia";"Corvera Golf &amp;amp; Country Club, Manzana 44";"242";"30153";"63055";"2001##00328065";"Piso";"143200";"0";
"00316885";"SAREB";"Barcelona";"Sentmenat";"ANSELM CLAVE";"41";"8181";"81963";"2001##00316885";"Local";"99100";"0";
"00318634";"SAREB";"Barcelona";"Vic";"PIUS XII";"2";"8500";"52167";"2001##00318634";"Piso";"80700";"0";
"00319294";"SAREB";"Barcelona";"Vic";"VIRREI AVILES";"42";"8500";"55534";"2001##00319294";"Piso";"97900";"0";
"00331461";"SAREB";"Tarragona";"Perafort";"NOU";"66";"43152";"65326";"2001##00331461";"Casa";"192100";"0";
"00317326";"SAREB";"Valencia";"Valencia";"BALEARS";"133";"46023";"53736";"2001##00317326";"Piso";"80200";"0";
"00329783";"SAREB";"Baleares";"Palma";"GRAN VIA ASIMA";"20";"7009";"63468";"2001##00329783";"Oficina";"174500";"0";
"00300044";"SAREB";"Zaragoza";"Muel";"García Jiménez";"89";"50450";"47988";"2001##00300044";"Piso";"130500";"0";
"00329313";"SAREB";"Murcia";"Archena";"ESTOCOLMO";"3";"30600";"62810";"2001##00329313";"Trastero";"1000";"0";
"00320650";"SAREB";"Barcelona";"Santa";"GENERALITAT";"163";"8923";"56252";"2001##00320650";"Piso";"113700";"0";
"00322437";"SAREB";"Tarragona";"Amposta";"DE LA RAPITA";"111";"43870";"50909";"2001##00322437";"Piso";"73300";"0";
"00317493";"SAREB";"Barcelona";"Terrassa";"TREBALL";"9";"8222";"56692";"2001##00317493";"Piso";"59900";"0";
"00322197";"SAREB";"Lleida";"Lleida";"BLOCS GRUP AVENIDA DE MADRID";"5";"25002";"51029";"2001##00322197";"Piso";"63700";"0";
"00321267";"SAREB";"Barcelona";"Esparreguera";"DE CAN COMELLES";"9";"8292";"56173";"2001##00321267";"Piso";"132300";"0";
"00329071";"SAREB";"Castellón";"Vinaros";"BARCELONA";"3";"12500";"67274";"2001##00329071";"Piso";"81900";"0";
"00320794";"SAREB";"Tarragona";"Roda";"DOCTOR PUJOL";"4";"43883";"53298";"2001##00320794";"Piso";"94400";"0";
"00317885";"SAREB";"Barcelona";"Canovelles";"VERGE DE MONTSERRAT";"14";"8420";"69740";"2001##00317885";"Piso";"102900";"0";
"00318076";"SAREB";"Barcelona";"Badalona";"BADALONA";"6";"8917";"53679";"2001##00318076";"Piso";"91100";"0";
"00317672";"SAREB";"Valencia";"Valencia";"JURADO BLANQUER";"5";"46017";"52807";"2001##00317672";"Piso";"86600";"0";
"00329300";"SAREB";"Tarragona";"Sant";"MARQUES DE VALLTERRA";"88";"43540";"70767";"2001##00329300";"Piso";"76600";"0";
"00320708";"SAREB";"Castellón";"Peñiscola";"CERVERA";"146";"12598";"52858";"2001##00320708";"Chalet";"146000";"0";
"00318137";"SAREB";"Barcelona";"Santa";"SANT ANDREU";"11";"8923";"52243";"2001##00318137";"Piso";"107800";"0";
"00331549";"SAREB";"Baleares";"Villafranca";"MESTRAL";"8";"7250";"63497";"2001##00331549";"Chalet";"224100";"0";
"00300092";"SAREB";"Huesca";"Sandinies";"Única";"36";"22664";"59715";"2001##00300092";"Piso";"177900";"0";
"00335831";"SAREB";"Tarragona";"Montroig/Mont";"CASALOT";"27";"43892";"65378";"2001##00335831";"Chalet";"90700";"0";
"00321667";"SAREB";"Tarragona";"Reus";"RIERA D&amp;apos;ARAGO";"1";"43204";"56351";"2001##00321667";"Piso";"71700";"0";
"00318590";"SAREB";"Barcelona";"L'Hospitalet";"COLLBLANC";"187";"8906";"52896";"2001##00318590";"Piso";"100600";"0";
"00318728";"SAREB";"Barcelona";"Santa";"LA PAU";"5";"8923";"50937";"2001##00318728";"Piso";"81900";"0";
"00317626";"SAREB";"Barcelona";"Vic";"TORELLO";"21";"8500";"55609";"2001##00317626";"Piso";"132000";"0";
"00316779";"SAREB";"Barcelona";"Castelldefels";"IGLESIA";"104";"8860";"51218";"2001##00316779";"Local";"331700";"0";
"00318570";"SAREB";"Girona";"Calonge";"ENRIC LLUIS ROURE";"23";"17251";"55520";"2001##00318570";"Piso";"116200";"0";
"00330427";"SAREB";"Baleares";"Felanitx";"MOSSEN BARTOMEU CALDENTEY";"47";"7200";"63086";"2001##00330427";"Piso";"147300";"0";
"00331066";"SAREB";"Tarragona";"Sant";"DOSITEO ANDRES";"23-25";"43540";"70903";"2001##00331066";"Piso";"70600";"0";
"00320877";"SAREB";"Barcelona";"Sallent";"COS";"83";"8650";"56241";"2001##00320877";"Piso";"86100";"0";
"00321646";"SAREB";"Barcelona";"Torello";"PROGRES";"85";"8570";"54314";"2001##00321646";"Piso";"83800";"0";
"00331543";"SAREB";"Girona";"Lloret";"Just Marlès";"0001";"17310";"89224";"2001##00331543";"Local";"89700";"0";
"00316773";"SAREB";"Barcelona";"Barcelona";"BENAVENT";"14";"8028";"52210";"2001##00316773";"Local";"147900";"0";
"00335624";"SAREB";"Lleida";"Vielha";"BARICAUBA";"16F";"25530";"61692";"2001##00335624";"Piso";"153400";"0";
"00328547";"SAREB";"Girona";"Arbucies";"Francesc Camprodon";"72";"17401";"67271";"2001##00328547";"Piso";"76200";"0";
"00320798";"SAREB";"Barcelona";"L'Hospitalet";"ROSELLO";"103";"8903";"54972";"2001##00320798";"Piso";"97600";"0";
"00321565";"SAREB";"Barcelona";"Cornella";"SANT ILDEFONS";"11";"8940";"55045";"2001##00321565";"Piso";"95200";"0";
"00316793";"SAREB";"Barcelona";"Vilanova";"JOAN LLAVERIAS";"13";"8800";"87708";"2001##00316793";"Local";"112900";"0";
"00319622";"SAREB";"Barcelona";"Terrassa";"MARQUES DE COMILLAS";"118";"8225";"53853";"2001##00319622";"Piso";"147000";"0";
"00317551";"SAREB";"Barcelona";"Terrassa";"SANTA LLUCIA";"211";"8222";"53482";"2001##00317551";"Piso";"110200";"0";
"00319556";"SAREB";"Zaragoza";"Zaragoza";"DELICIAS";"34";"50010";"52980";"2001##00319556";"Piso";"70000";"0";
"00318090";"SAREB";"Barcelona";"Barbera";"DOCTOR MORAGAS";"151";"8210";"51508";"2001##00318090";"Piso";"128900";"0";
"00320092";"SAREB";"Barcelona";"Terrassa";"MARESME";"7";"8223";"50670";"2001##00320092";"Piso";"93400";"0";
"00330382";"SAREB";"Girona";"Girona";"SANT SEBASTIA";"44";"17190";"70764";"2001##00330382";"Piso";"129400";"0";
"00321595";"SAREB";"Madrid";"Aranjuez";"ZORZALES";"12";"28300";"55048";"2001##00321595";"Piso";"76500";"0";
"00334024";"SAREB";"Lleida";"Lleida";"GARRIGUES";"27";"25001";"100191";"2001##00334024";"Local";"113600";"0";
"00332986";"SAREB";"Baleares";"Santa";"LLAÜT";"1";"7320";"63514";"2001##00332986";"Oficina";"100000";"0";
"00318300";"SAREB";"Barcelona";"Santa";"SANT PASQUAL";"21";"8923";"54467";"2001##00318300";"Piso";"82900";"0";
"00331329";"SAREB";"Baleares";"Andraitx";"GALICIA";"14";"7150";"64777";"2001##00331329";"Piso";"244700";"0";
"00319394";"SAREB";"Barcelona";"Calaf";"JOSEP MIRO";"10";"8280";"54740";"2001##00319394";"Piso";"98900";"0";
"00320855";"SAREB";"Barcelona";"Sabadell";"MARIA AGUILO";"52";"8205";"54697";"2001##00320855";"Piso";"90500";"0";
"00334317";"SAREB";"Murcia";"Torre";"Town Center";"1";"30700";"63010";"2001##00334317";"Piso";"109600";"0";
"00320921";"SAREB";"Barcelona";"Castellar";"ROGER DE LLURIA";"10";"8211";"53177";"2001##00320921";"Piso";"130100";"0";
"00329141";"SAREB";"Baleares";"Santa";"LLAÜT";"1";"7320";"61992";"2001##00329141";"Oficina";"142600";"0";
"00321589";"SAREB";"Madrid";"Fuenlabrada";"COLOMBIA";"31";"28945";"52548";"2001##00321589";"Piso";"109200";"0";
"00318066";"SAREB";"Barcelona";"Terrassa";"COLOM";"348";"8223";"50579";"2001##00318066";"Piso";"88500";"0";
"00322306";"SAREB";"Tarragona";"El";"CAMI REIAL";"13";"43700";"70224";"2001##00322306";"Piso";"102100";"0";
"00321239";"SAREB";"Barcelona";"Vic";"MANUEL GALADIES";"3";"8500";"51415";"2001##00321239";"Piso";"118100";"0";
"00321550";"SAREB";"Tarragona";"Reus";"BISBE GRAU";"13";"43202";"53172";"2001##00321550";"Piso";"74800";"0";
"00321142";"SAREB";"Barcelona";"Berga";"GRAN VIA 12 - 16";"12";"8600";"50277";"2001##00321142";"Piso";"93000";"0";
"00332820";"SAREB";"Murcia";"Archena";"Estocolmo";"6";"30600";"64402";"2001##00332820";"Garaje";"5500";"0";
"00316164";"SAREB";"Barcelona";"Avinyo";"SERRAT FERRER";"19";"8279";"51579";"2001##00316164";"Casa";"152000";"0";
"00321141";"SAREB";"Barcelona";"Barcelona";"PENYISCOLA";"21";"8033";"55390";"2001##00321141";"Piso";"64100";"0";
"00320283";"SAREB";"Lleida";"Alcarras";"JOAN MARAGALL";"25";"25180";"52905";"2001##00320283";"Piso";"67800";"0";
"00319652";"SAREB";"Murcia";"Lorca";"ANGELES";"4";"30800";"53771";"2001##00319652";"Piso";"71300";"0";
"00316134";"SAREB";"Barcelona";"Granollers";"MARQUES DE LES FRANQUESES";"28";"8402";"100046";"2001##00316134";"Piso";"123400";"0";
"00322631";"SAREB";"Murcia";"Murcia";"SAN ANTONIO";"1";"30579";"55200";"2001##00322631";"Piso";"51800";"0";
